PDB ID,LigID,SMILES,MolWt,NumRotatableBonds,is_CYP3A4
4NY4,2QH,Cc1cc(ccc1OC)C2(C3=NCC(CN3C(=N2)N)(F)F)c4ccc(c(c4)c5cccnc5)F,443.3030000000002,4.0,True
8SPD,CL6,c1ccc(cc1)C(c2ccccc2)(c3ccccc3Cl)n4ccnc4,327.70900000000006,4.0,True
3NXU,RIT,CC(C)c1nc(cs1)CN(C)C(=O)NC(C(C)C)C(=O)NC(Cc2ccccc2)CC(C(Cc3ccccc3)NC(=O)OCc4cncs4)O,672.5780000000001,16.0,True
4K9W,7AW,CCCC(CCC(Cc1ccccc1)NC(=O)C(C(C)C)NC(=O)N(C)Cc2csc(n2)C(C)C)NC(=O)OCc3cncs3,608.5350000000002,17.0,True
5TE8,08J,Cc1ncc2n1-c3ccc(cc3C(=NC2)c4ccccc4F)Cl,312.6700000000001,1.0,True
2V0M,KLN,CC(=O)N1CCN(CC1)c2ccc(cc2)OCC3COC(O3)(Cn4ccnc4)c5ccc(cc5Cl)Cl,503.2160000000004,7.0,True
1W0F,STR,CC(=O)C1CCC2C1(CCC3C2CCC4=CC(=O)CCC34C)C,284.229,1.0,True
3UA1,08Y,CC(C)CC1C(=O)N2CCCC2C3(N1C(=O)C(O3)(C(C)C)NC(=O)C4CN(C5Cc6c7c(cccc7[nH]c6Br)C5=C4)C)O,614.2860000000001,5.0,True
6UNJ,QDY,CC(C)(C)OC(=O)NC(Cc1cccc2c1cccc2)CSC(Cc3ccccc3)C(=O)NCCc4cccnc4,120.10999999999996,0.0,True
5A1R,STR,CC(=O)C1CCC2C1(CCC3C2CCC4=CC(=O)CCC34C)C,284.229,1.0,True
3TJS,D0R,CC(C)c1nc(cs1)CN(C)C(=O)NC(C(C)C)C(=O)NC(Cc2ccccc2)CC(C(Cc3ccccc3)N)O,534.4510000000004,14.0,True
4K9T,1RD,CC(C)c1nc(cs1)CN(C)C(=O)NC(C(C)C)C(=O)NCCCCNC(=O)OCc2cncs2,488.4250000000003,13.0,True
4K9X,8AW,CCC(C)C(=O)NC(CCC(Cc1ccccc1)NC(=O)OCc2cncs2)Cc3ccccc3,458.39300000000026,13.0,True
1W0G,MYT,CC(C)(c1cccnc1)C(=O)c2cccnc2,212.167,3.0,True
5A1P,STR,CC(=O)C1CCC2C1(CCC3C2CCC4=CC(=O)CCC34C)C,284.229,1.0,True
4K9U,5AW,CC(C)c1nc(cs1)CN(C)C(=O)NC(C(C)C)C(=O)NC(C)CCC(C)NC(=O)OCc2cncs2,512.4470000000003,13.0,True
4K9V,6AW,CCC(CCC(CC)NC(=O)OCc1cncs1)NC(=O)C(CO)NC(=O)N(C)Cc2csc(n2)C(C)C,528.4460000000003,15.0,True
6OO9,MWV,CC(C)C1c2ccc(cc2CCC1(CCN(C)CCCc3[nH]c4ccccc4n3)OC(=O)COC)F,457.3350000000002,11.0,True
4I4G,Z8Z,CC(C)c1nc(cs1)CN(C)C(=O)NC(C(C)C)C(=O)NC(CCC(Cc2ccccc2)NC(=O)OCc3cnco3)Cc4ccccc4,640.5110000000001,17.0,True
4I4H,Z9Z,CC(C)c1nc(cs1)CN(C)C(=O)NC(C(C)C)C(=O)NC(CCC(Cc2ccccc2)NC(=O)OCc3cccnc3)Cc4ccccc4,648.5340000000001,17.0,True
6BDH,DEV,CC(C)(C)OC(=O)NC(Cc1ccccc1)CSCC(C(=O)NCc2cccnc2)Nc3ccccc3,484.4110000000002,12.0,True
4D75,PK9,CC(C)(C)OC(=O)NCCCCCC(=O)NCc1cccnc1,294.20500000000004,8.0,True
6MA6,MYT,CC(C)(c1cccnc1)C(=O)c2cccnc2,212.167,3.0,True
7KVS,X74,CC(C)(C)OC(=O)NC(Cc1cccc2c1cccc2)CSC(Cc3ccccc3)C(=O)NCCCc4cccnc4,542.4700000000004,13.0,True
6MA7,TPF,c1cc(c(cc1F)F)C(Cn2cncn2)(Cn3cncn3)O,294.18,5.0,True
4D78,J9K,CC(C)(C)OC(=O)NC(Cc1ccccc1)CSCCC(=O)NCc2cccnc2,398.33800000000025,10.0,True
6UNG,QEP,CC(C)(C)OC(=O)NC(Cc1cccc2c1cccc2)CSCC(C(=O)NCc3cccnc3)Nc4ccccc4,532.4550000000003,12.0,True
6UNI,QDV,CC(C)(C)OC(=O)NC(Cc1c[nH]c2c1cccc2)CSC(Cc3ccccc3)C(=O)NCCc4cccnc4,520.4440000000003,12.0,True
6UNL,QDJ,CC(C)(C)OC(=O)NC(Cc1cccc2c1cccc2)CSC(Cc3cccc4c3cccc4)C(=O)NCc5cccnc5,566.4920000000004,10.0,True
4D6Z,IMD,c1c[nH+]c[nH]1,64.047,0.0,True
2J0D,ERY,CCC1C(C(C(C(=O)C(CC(C(C(C(C(C(=O)O1)C)OC2CC(C(C(O2)C)O)(C)OC)C)OC3C(C(CC(O3)C)N(C)C)O)(C)O)C)C)O)(C)O,666.4010000000002,7.0,True
7KVH,X5Y,CC(C)(C)OC(=O)NC(Cc1ccccc1)CSC(Cc2ccccc2)C(=O)NCCCc3cccnc3,494.4260000000003,13.0,True
7KVN,X6V,CC(C)(C)OC(=O)NC(Cc1c[nH]c2c1cccc2)CSC(Cc3ccccc3)C(=O)NCCCc4cccnc4,532.4550000000003,13.0,True
7KVO,X6S,CC(C)(C)OC(=O)NC(Cc1cccc2c1cccc2)CSC(Cc3ccccc3)C(=O)NCCCc4cccnc4,542.4700000000004,13.0,True
5VC0,RIT,CC(C)c1nc(cs1)CN(C)C(=O)NC(C(C)C)C(=O)NC(Cc2ccccc2)CC(C(Cc3ccccc3)NC(=O)OCc4cncs4)O,672.5780000000001,17.0,True
5VCE,RIT,CC(C)c1nc(cs1)CN(C)C(=O)NC(C(C)C)C(=O)NC(Cc2ccccc2)CC(C(Cc3ccccc3)NC(=O)OCc4cncs4)O,672.5780000000001,17.0,True
4D7D,PKT,CC(C)(C)OC(=O)NC(Cc1c[nH]c2c1cccc2)CSCCC(=O)NCc3cccnc3,436.3670000000003,10.0,True
5VCG,08Y,CC(C)CC1C(=O)N2CCCC2C3(N1C(=O)C(O3)(C(C)C)NC(=O)C4CN(C5Cc6c7c(cccc7[nH]c6Br)C5=C4)C)O,614.2860000000001,5.0,True
6DA8,G0J,CC(C)(C)OC(=O)NC(Cc1ccccc1)CNC(Cc2ccccc2)C(=O)NCc3cccnc3,452.3440000000002,11.0,True
7UFF,NYF,c1ccc(cc1)CC(CSC(Cc2ccccc2)C(=O)NCCCc3cccnc3)NC(=O)CNC(=O)c4cccnc4,558.4730000000003,16.0,True
6OOA,MWY,CCC1(CC(C2(C(CCC3(C2C(=O)CC3)C(C1O)C)C)C)OC(=O)CSc4nc([nH]n4)N)C,448.37800000000016,12.0,True
6BD7,D7J,CC(C)NC(CSCC(Cc1ccccc1)NC(=O)OC(C)(C)C)C(=O)NCc2cccnc2,468.4120000000002,14.0,True
6BD8,D81,CC(C)(C)OC(=C)NC(Cc1ccccc1)CSCC(C(=O)NCc2cccnc2)NC3CCCC3,522.4400000000003,12.0,True
6BDM,Y83,CC(C)(C)OC(=O)NC(Cc1c[nH]c2c1cccc2)CSCC(C(=O)NCc3cccnc3)Nc4ccccc4,494.4260000000003,13.0,True
7KVK,X7J,CC(C)(C)OC(=O)NC(Cc1ccccc1)CSC(Cc2ccccc2)C(=O)NCCCc3cccnc3,542.4700000000004,13.0,True
7KVQ,X7D,CC(C)(C)OC(=O)NC(Cc1cccc2c1cccc2)CSC(Cc3ccccc3)C(=O)NCCCc4cccnc4,167.13999999999996,2.0,True
6MA8,PMF,c1ccc(cc1)CS(=O)(=O)F,399.73600000000016,8.0,True
6OOB,MWS,CC(=CCOc1c2ccoc2cc3c1C=CC(=O)O3)CCC(C(C)(C)O)O,504.4450000000003,14.0,True
7UFE,NXR,c1ccc(cc1)CC(CSC(Cc2ccccc2)C(=O)NCCCc3cccnc3)NC(=O)c4cccnc4,510.42900000000026,11.0,True
6BDK,DJ1,CC(C)(C)OC(=O)NC(Cc1c[nH]c2c1cccc2)CSCC(C(=O)NCc3cccnc3)NC4CCCC4,470.4040000000002,11.0,True
6DA2,G0D,CC(C)(C)OC(=O)NC(Cc1ccccc1)CSC(Cc2ccccc2)C(=O)NCc3cccnc3,482.41500000000025,12.0,True
6DAB,G0V,CC(C)(C)OC(=O)NC(Cc1ccccc1)CSC(Cc2ccccc2)C(=O)NCCc3cccnc3,464.35500000000025,12.0,True
6DAL,G1D,CC(C)(C)OC(=O)NC(Cc1ccccc1)CNC(Cc2ccccc2)C(=O)NCCc3cccnc3,494.4260000000003,13.0,True
7KVJ,X7M,CC(C)(C)OC(=O)NC(Cc1ccccc1)CSC(Cc2ccccc2)C(=O)NCCCc3cccnc3,364.301,10.0,True
6BCZ,D7Y,CC(C)NC(CSCCNC(=O)OC(C)(C)C)C(=O)NCc1cccnc1,388.32300000000015,10.0,True
6BD5,D7M,CC(C)(C)OC(=O)NCCSCC(C(=O)NCc1cccnc1)NC2CCCC2,400.33400000000006,10.0,True
6BD6,80K,CC(C)(C)OC(=O)NCCSCC(C(=O)NCc1cccnc1)Nc2ccccc2,470.4040000000002,11.0,True
6DA3,G0D,CC(C)(C)OC(=O)NC(Cc1ccccc1)CSC(Cc2ccccc2)C(=O)NCc3cccnc3,470.4040000000002,11.0,True
6DA5,G1J,CC(C)(C)OC(=O)NC(Cc1ccccc1)CSC(Cc2ccccc2)C(=O)NCc3cccnc3,470.4040000000002,11.0,True
6DAA,G0M,CC(C)(C)OC(=O)NC(Cc1ccccc1)CSC(Cc2ccccc2)C(=O)NCc3cccnc3,482.41500000000025,12.0,True
6DAC,FZV,CC(C)(C)OC(=O)NC(Cc1ccccc1)CSC(Cc2ccccc2)C(=O)NCCc3cccnc3,482.41500000000025,12.0,True
6DAG,G0Y,CC(C)(C)OC(=O)NC(Cc1ccccc1)CSC(Cc2ccccc2)C(=O)NCCc3cccnc3,522.4400000000003,12.0,True
6UNE,QES,CC(C)(C)OC(=O)NC(Cc1c[nH]c2c1cccc2)CSCC(C(=O)NCc3cccnc3)Nc4ccccc4,520.4440000000003,12.0,True
6UNH,QEA,CC(C)(C)OC(=O)NC(Cc1c[nH]c2c1cccc2)CSC(Cc3ccccc3)C(=O)NCCc4cccnc4,530.4590000000003,12.0,True
6UNK,QE4,CC(C)(C)OC(=O)NC(Cc1cccc2c1cccc2)CSC(Cc3ccccc3)C(=O)NCCc4cccnc4,184.114,0.0,True
8SO1,CFF,Cn1cnc2c1C(=O)N(C(=O)N2C)C,184.114,0.0,True
8SO2,CFF,Cn1cnc2c1C(=O)N(C(=O)N2C)C,492.43400000000025,13.0,True
7UFB,NJ0,c1ccc(cc1)CC(CSC(Cc2ccccc2)C(=O)NCc3cccnc3)NC(=O)Cc4cccnc4,516.4560000000002,13.0,True
7UFC,NJO,c1ccc(cc1)CC(CSC(Cc2ccccc2)C(=O)NCCc3cccnc3)NC(=O)CCc4cccnc4,516.4560000000002,15.0,True
7UFD,T0K,c1ccc(cc1)CC(CSC(Cc2ccccc2)C(=O)NCCc3cccnc3)NC(=O)CCc4cccnc4,482.41500000000025,12.0,True
6DAJ,FZV,CC(C)(C)OC(=O)NC(Cc1ccccc1)CSC(Cc2ccccc2)C(=O)NCCc3cccnc3,494.4260000000003,13.0,True
7KVI,X7P,CC(C)(C)OC(=O)NC(Cc1ccccc1)CSC(Cc2ccccc2)C(=O)NCCCc3cccnc3,506.4370000000003,14.0,True
7KVM,X71,CC(C)(C)OC(=O)NC(Cc1ccccc1)CSCC(Cc2ccccc2)C(=O)NCCCc3cccnc3,542.4700000000004,13.0,True
7KVP,X6J,CC(C)(C)OC(=O)NC(Cc1cccc2c1cccc2)CSC(Cc3ccccc3)C(=O)NCCCc4cccnc4,568.4580000000005,4.0,True
7LXL,YNV,CC12CCC3C(C1CCC2O)C(CC4=CC(=O)CCC34C)CC=CCC5CC6=CC(=O)CCC6(C7C5C8CCC(C8(CC7)C)O)C,118.079,0.0,True
5G5J,MF8,CN(C)C(=N)NC(=N)N,300.232,7.0,True
8DYC,UC7,CCCCNc1ccc2c3c1cccc3C(=O)N(C2=O)CCCC,445.8280000000002,6.0,True
7UF9,NH0,CC(C)(C)OC(=O)NC(Cc1ccccc1)CSC(Cc2ccccc2)C(=O)NCCc3ccncc3,494.4260000000003,12.0,True
7UFA,NI6,CC(C)(C)OC(=O)NC(Cc1ccccc1)CSC(Cc2ccccc2)C(=O)NCCCc3ccncc3,,,True
